Town grid-point,Town 7x7 Box,Town 7x7 Land Box
0.49077514726288474,0.44792475238706597,0.5208599861942895
