Town grid-point,Town 7x7 Box,Town 7x7 Land Box
0.6476986187023499,0.3026829365122916,0.3600220555150706
