Town grid-point,Town 7x7 Box,Town 7x7 Land Box
-1.0572559200987541,0.7047146589034767,1.443046812745596
