Town grid-point,Town 7x7 Box,Town 7x7 Land Box
1.2226816514898022,0.35492348193099144,0.3920772081305248
