Town grid-point,Town 7x7 Box,Town 7x7 Land Box
0.2349776102572072,0.4544608778791144,0.5538248355790216
