Town grid-point,Town 7x7 Box,Town 7x7 Land Box
-1.6974593457539306,1.11951768814402,0.09252108021668981
