Town grid-point,Town 7x7 Box,Town 7x7 Land Box
2.183957936812419,0.9030917102832632,0.9341092377887925
