Town grid-point,Town 7x7 Box,Town 7x7 Land Box
-0.8542690366333296,-0.5165987159830223,-0.4832554473669646
