Town grid-point,Town 7x7 Box,Town 7x7 Land Box
0.48873764615841253,0.9965399286448609,1.1896820453281975
