Town grid-point,Town 7x7 Box,Town 7x7 Land Box
2.761847926937726,1.0495284140839853,1.204675513000634
