Town grid-point,Town 7x7 Box,Town 7x7 Land Box
6.406364849635533,5.113560294161029,5.85828260588373
