Town grid-point,Town 7x7 Box,Town 7x7 Land Box
0.8626015332280375,0.2893482498683948,1.285624374549636
