Town grid-point,Town 7x7 Box,Town 7x7 Land Box
-2.737469814261612,-1.2723012688678983,-1.4128453813345203
