Town grid-point,Town 7x7 Box,Town 7x7 Land Box
-2.6897120767710154,-1.176188369611098,-1.2606179878985504
