Town grid-point,Town 7x7 Box,Town 7x7 Land Box
-1.7056022740672434,-0.892286271227333,-1.563867628302349
