Town grid-point,Town 7x7 Box,Town 7x7 Land Box
1.7405431135028042,0.7558113970077152,0.5840090133908582
