Town grid-point,Town 7x7 Box,Town 7x7 Land Box
0.9799363661785527,1.2316320247263395,0.6354080658116743
