Town grid-point,Town 7x7 Box,Town 7x7 Land Box
1.1008299834900868,0.8126970523551797,0.9017475309953689
