Town grid-point,Town 7x7 Box,Town 7x7 Land Box
-1.697459318199936,1.1195176881440059,0.09252108021668626
