Town grid-point,Town 7x7 Box,Town 7x7 Land Box
-0.854269236934428,-0.5165987159830205,-0.483255447366961
