Town grid-point,Town 7x7 Box,Town 7x7 Land Box
-1.9671652949586207,-1.177262799493838,-1.2875900252187433
