Town grid-point,Town 7x7 Box,Town 7x7 Land Box
1.100830311677889,0.8126970523551726,0.9017475309953689
