Town grid-point,Town 7x7 Box,Town 7x7 Land Box
3.732448500029893,0.6701121992248851,1.1944858983117594
