Town grid-point,Town 7x7 Box,Town 7x7 Land Box
4.588508022074798,4.4732061495694335,4.734871546750849
