Town grid-point,Town 7x7 Box,Town 7x7 Land Box
2.183958706658757,0.9030917102832525,0.9341092377887961
