Town grid-point,Town 7x7 Box,Town 7x7 Land Box
-3.3499559115390394,-2.715476555472547,-2.885139269584199
