Town grid-point,Town 7x7 Box,Town 7x7 Land Box
-9.386161804199219,-0.4589722024293259,0.3583581387258796
