Town grid-point,Town 7x7 Box,Town 7x7 Land Box
-1.857843074263358,-1.1931131667229637,-1.2951227502593188
