Town grid-point,Town 7x7 Box,Town 7x7 Land Box
0.23497764047961844,0.45446087787911527,0.5538248355790216
