Town grid-point,Town 7x7 Box,Town 7x7 Land Box
0.9799361432361557,1.2316320247263413,0.635408065811685
