Town grid-point,Town 7x7 Box,Town 7x7 Land Box
0.6476984109197339,0.3026829365122925,0.36002205551506883
