Town grid-point,Town 7x7 Box,Town 7x7 Land Box
0.4907750477718986,0.44792475238706775,0.5208599861942895
