Ensemble Size,Town grid-point,Town 7x7 Box,Town 7x7 Land Box
1,7.038578452204551,2.805108947130196,3.182443275127943
2,4.897890001452354,1.9266472770107177,2.17629807433445
5,3.206878333780954,1.2856487374031567,1.466990858182224
10,2.1129169411972613,0.7815799370313944,0.8829763102851773
