Ensemble Size,Town grid-point,Town 7x7 Box,Town 7x7 Land Box
1,8.58148466739622,3.5894172862843696,3.9548998801753887
2,5.956027268732217,2.436927555911533,2.7014482233067554
5,3.685996313324646,1.55289753097343,1.7136127272223247
10,2.5870197270739648,1.0176803572627455,1.1199538148162251
