Ensemble Size,Town grid-point,Town 7x7 Box,Town 7x7 Land Box
1,4.838229987885871,2.557762210509234,2.606538499223433
2,3.9634668768922916,1.8992259612438407,1.979848500361638
5,2.4647246653081827,1.3407852238807123,1.3990549590237138
10,1.534085985557814,0.7422583237669681,0.7759425340473065
