Ensemble Size,Town grid-point,Town 7x7 Box,Town 7x7 Land Box
1,14.651817808085722,3.4716560444393503,4.061918825861608
2,10.401942952644262,2.554737024857201,3.020288558642011
5,5.954999694451885,1.4268149884118073,1.6214760241604989
10,4.64700537280823,1.0645724436289832,1.231962792384425
