Ensemble Size,Town grid-point,Town 7x7 Box,Town 7x7 Land Box
1,6.0998311323852565,2.899637363881852,3.516315859065171
2,4.145445784843933,2.119442547931899,2.5874737281485816
5,2.6295137231139636,1.2833711884280752,1.5131191536341304
10,1.7227417705632944,0.8526699718740802,1.0531322224589605
