Ensemble Size,Town grid-point,Town 7x7 Box,Town 7x7 Land Box
1,8.446605762862337,3.8333584817706208,3.935443250429457
2,5.699768967177354,2.863321118276503,2.9626946890849477
5,3.319944706684997,1.6166798331631338,1.7016903984982403
10,2.5183545140064716,0.9040467093396196,0.9310225076479275
