Ensemble Size,Town grid-point,Town 7x7 Box,Town 7x7 Land Box
1,4.857359943740795,2.3480396462488913,3.381538781169483
2,3.469449692102803,1.6472148850416377,2.362499339519471
5,2.0149770100631814,0.9967261208042064,1.4011844881420332
10,1.350868827559174,0.6642027299708211,0.936629630201779
