Ensemble Size,Town grid-point,Town 7x7 Box,Town 7x7 Land Box
1,3.439621202574452,1.760440211695217,1.8894044742813905
2,2.416572684263034,1.258491050860748,1.3585813659964023
5,1.474245318832651,0.7844884217291483,0.8404801077554155
10,0.9953043734168086,0.5120158232782714,0.5512000050427822
