Ensemble Size,Town grid-point,Town 7x7 Box,Town 7x7 Land Box
1,4.021937488690398,1.8148962393601407,1.9849993472687872
2,2.9326133886250014,1.0999482994690295,1.1934326312212271
5,1.6536756137477941,0.8417853915418423,0.9239751795747456
10,1.2090889490287344,0.46953050559429343,0.49719153877140354
