Ensemble Size,Town grid-point,Town 7x7 Box,Town 7x7 Land Box
1,9.498061166432567,3.442190344374803,3.6454498695486697
2,6.818554481983929,2.4884226699296366,2.6640613428937483
5,3.867870949855198,1.5065323725572664,1.651058617150609
10,2.3473171053952413,0.9384511870961496,1.0005567748196513
