Ensemble Size,Town grid-point,Town 7x7 Box,Town 7x7 Land Box
1,10.30387005769712,3.6485388062047712,4.254175473956425
2,7.21302443612892,2.648843897791839,3.231057937298502
5,4.462739694803678,1.5351285670813826,1.7276748695464597
10,3.211145543652851,1.1344645247342866,1.288657579749949
