Ensemble Size,Town grid-point,Town 7x7 Box,Town 7x7 Land Box
1,12.290803734086676,3.015665568581999,3.2980299583165036
2,9.07752433572318,2.114152266616761,2.3587819394207523
5,5.431148341331739,1.269302128913112,1.4024423444336716
10,3.6750259584732565,0.8490917486455688,0.9413011309485355
